coef_conv,se_conv,pv_conv,coef_bc,se_bc,pv_bc,coef_rob,se_rob,pv_rob,bandwidth,controls,h_opt,check_type,sample,cutoff,polynomial
0.016756808552159885,0.054430066412553886,0.7581893069194354,0.18404425839115662,0.054430066412553886,0.0007214433404651639,0.18404425839115662,0.04392902781493652,2.7946894315442935e-05,2.56,False,8.519504341022683,bandwidth,Full Sample,,
0.003538662077954474,0.04272606302227955,0.9339929997050853,0.04823266251653688,0.04272606302227955,0.2589478219498963,0.04823266251653688,0.10130403298485689,0.6339903917829752,3.32,False,8.519504341022683,bandwidth,Full Sample,,
-0.0017706199814428447,0.038351393456462886,0.9631760805473496,0.02471648342457064,0.038351393456462886,0.5192679858203891,0.02471648342457064,0.07856409045649805,0.7530632472747816,4.08,False,8.519504341022683,bandwidth,Full Sample,,
-0.002118947182456976,0.03435289707084233,0.9508162650222323,0.006149866226601797,0.03435289707084233,0.8579217555208641,0.006149866226601797,0.0665568356339064,0.926380064982673,4.84,False,8.519504341022683,bandwidth,Full Sample,,
-0.0045696928122820335,0.031705192672610495,0.8853972328661006,0.004276790527935226,0.031705192672610495,0.8926969237169085,0.004276790527935226,0.05481466980488239,0.9378099671626708,5.6,False,8.519504341022683,bandwidth,Full Sample,,
-0.005061165226590919,0.02950945568123609,0.863822808508395,-0.0019434620988293128,0.02950945568123609,0.9474901137736632,-0.0019434620988293128,0.04750844460711727,0.9673694637832108,6.37,False,8.519504341022683,bandwidth,Full Sample,,
-0.005058714667555697,0.02787062474221447,0.8559696059048698,-0.004384071503139797,0.02787062474221447,0.8750077916462021,-0.004384071503139797,0.044058613212389054,0.9207369722730224,7.13,False,8.519504341022683,bandwidth,Full Sample,,
-0.005474752608399219,0.02633401878906885,0.8353097147214215,-0.004378258188167478,0.02633401878906885,0.8679534123259881,-0.004378258188167478,0.04141750181835272,0.9158121763998233,7.89,False,8.519504341022683,bandwidth,Full Sample,,
-0.003977206913192838,0.02487277601290587,0.8729582640525728,-0.006832624520528852,0.02487277601290587,0.7835444776807539,-0.006832624520528852,0.0385553836898388,0.8593388578648277,8.65,False,8.519504341022683,bandwidth,Full Sample,,
-0.0016780845850856707,0.023823505956478225,0.943844897298354,-0.008924506290942102,0.023823505956478225,0.7079510742052098,-0.008924506290942102,0.03661522139132055,0.8074340485721698,9.42,False,8.519504341022683,bandwidth,Full Sample,,
0.0002695032265175312,0.02306537094962263,0.9906774718139991,-0.00912510697360755,0.02306537094962263,0.6923858629805374,-0.00912510697360755,0.035272871792797277,0.7958663905305262,10.18,False,8.519504341022683,bandwidth,Full Sample,,
0.0014550137866618518,0.022451916103971008,0.9483286446346839,-0.007566332443723178,0.022451916103971008,0.7361156673139466,-0.007566332443723178,0.03419714427534123,0.824892900894368,10.94,False,8.519504341022683,bandwidth,Full Sample,,
0.0004680033318083532,0.02187280761543864,0.9829292997434822,-0.0008509390078243195,0.02187280761543864,0.9689669529488717,-0.0008509390078243195,0.03294500462952477,0.9793936707851378,11.7,False,8.519504341022683,bandwidth,Full Sample,,
-0.00023035658718961738,0.021387517454982845,0.9914064635488956,0.002906851278153766,0.021387517454982845,0.891889702806747,0.002906851278153766,0.03189841345153685,0.9273905691331569,12.47,False,8.519504341022683,bandwidth,Full Sample,,
-0.0007888513436136724,0.020993133379128927,0.9700252360729156,0.0051574557464122706,0.020993133379128927,0.8059350172790388,0.0051574557464122706,0.031095726373498007,0.8682691876549572,13.23,False,8.519504341022683,bandwidth,Full Sample,,
-0.0013893035812531096,0.02066183301953684,0.9463905674442196,0.006804311789328055,0.02066183301953684,0.7419154037310581,0.006804311789328055,0.030464921792480264,0.823263843435968,13.99,False,8.519504341022683,bandwidth,Full Sample,,
-0.000927966565448024,0.02033037122998685,0.963593720372966,0.005755739485314826,0.02033037122998685,0.7770922112802392,0.005755739485314826,0.02973908545492902,0.8465351114477102,14.75,False,8.519504341022683,bandwidth,Full Sample,,
-0.00048137994944130735,0.02004880636156023,0.9808443095510296,0.005052971279469631,0.02004880636156023,0.8010151531336482,0.005052971279469631,0.02913653015375971,0.8623182243899428,15.51,False,8.519504341022683,bandwidth,Full Sample,,
-5.304860212357321e-05,0.019811256992736476,0.9978635070939091,0.004551118102571083,0.019811256992736476,0.8183063658528045,0.004551118102571083,0.02865598716269768,0.8738113998603738,16.28,False,8.519504341022683,bandwidth,Full Sample,,
0.0003360404026582775,0.019614905753377137,0.9863313983072721,0.004210447272326612,0.019614905753377137,0.8300359247778194,0.004210447272326612,0.028273958625829716,0.8816198474505085,17.04,False,8.519504341022683,bandwidth,Full Sample,,
0.0013255379511869047,0.05055277376405698,0.9790811659305011,1.5304620098907413,0.05055277376405698,2.480618663226861e-201,1.5304620098907413,0.15421999696971586,3.277346479065118e-23,2.56,True,8.519504341022683,bandwidth,Full Sample,,
-0.004750354664936425,0.03976512685006266,0.9049106771784341,0.01928923532068421,0.03976512685006266,0.6276201766361424,0.01928923532068421,0.09324825330185915,0.8361200199623917,3.32,True,8.519504341022683,bandwidth,Full Sample,,
-0.006731599169478438,0.03575153410746085,0.8506505778609288,0.004597605505918371,0.03575153410746085,0.8976750910617449,0.004597605505918371,0.07260814675009512,0.9495110577396142,4.08,True,8.519504341022683,bandwidth,Full Sample,,
-0.0040143345734905125,0.031953597698074876,0.9000247130842728,-0.009556444623795029,0.031953597698074876,0.7648846740028549,-0.009556444623795029,0.06192104894641093,0.8773473904383065,4.84,True,8.519504341022683,bandwidth,Full Sample,,
-0.005465493288632459,0.029500453234200825,0.8530187475756427,-0.004151910611110084,0.029500453234200825,0.8880748936327107,-0.004151910611110084,0.05134301628209197,0.9355484225408236,5.6,True,8.519504341022683,bandwidth,Full Sample,,
-0.0038468996446874067,0.02741936522627353,0.888424038999768,-0.009803241948199424,0.02741936522627353,0.7206951725801287,-0.009803241948199424,0.044384714345079936,0.8251938309281563,6.37,True,8.519504341022683,bandwidth,Full Sample,,
-0.0019298456805783414,0.02585217741351258,0.9404937867802285,-0.011142535707214348,0.02585217741351258,0.6664614166123753,-0.011142535707214348,0.041128885238787535,0.7864544675527573,7.13,True,8.519504341022683,bandwidth,Full Sample,,
-0.001315723286047875,0.024402287164768607,0.9570004705669958,-0.008842717420416587,0.024402287164768607,0.7170736986583208,-0.008842717420416587,0.038639302995004794,0.8189832317745408,7.89,True,8.519504341022683,bandwidth,Full Sample,,
-0.0006016194305415879,0.02305163332708588,0.9791785527915142,-0.005925823161600018,0.02305163332708588,0.7971267525661745,-0.005925823161600018,0.03592868761400321,0.8689967851567271,8.65,True,8.519504341022683,bandwidth,Full Sample,,
0.0004154978154804383,0.022102773727306336,0.9850018928993124,-0.004402362060039168,0.022102773727306336,0.8421243647115022,-0.004402362060039168,0.03408057594623668,0.8972190925387091,9.42,True,8.519504341022683,bandwidth,Full Sample,,
0.0011591337177276773,0.021425010648701226,0.9568539809355826,-0.002787366746318791,0.021425010648701226,0.8964883122848555,-0.002787366746318791,0.03278262477642629,0.9322409317153836,10.18,True,8.519504341022683,bandwidth,Full Sample,,
0.001338974190396454,0.020874549777017738,0.9488556788081824,-0.0006886180324835647,0.020874549777017738,0.9736838367444627,-0.0006886180324835647,0.0317357968156871,0.9826884893433052,10.94,True,8.519504341022683,bandwidth,Full Sample,,
-0.0003313116474622617,0.020348577522676554,0.9870095701373883,0.005262871233264805,0.020348577522676554,0.7959162354060358,0.005262871233264805,0.03052791416846005,0.863126707389633,11.7,True,8.519504341022683,bandwidth,Full Sample,,
-0.0009786634156051638,0.019906056517778364,0.9607885182051655,0.006681289285809047,0.019906056517778364,0.7371415806423179,0.006681289285809047,0.029535456369684573,0.8210361526262571,12.47,True,8.519504341022683,bandwidth,Full Sample,,
-0.0011789886839301406,0.019543014658775736,0.9518944956894999,0.006729968212468864,0.019543014658775736,0.7305703460299973,0.006729968212468864,0.028778996661501376,0.8151014353964452,13.23,True,8.519504341022683,bandwidth,Full Sample,,
-0.0013592322292774166,0.019236925862732953,0.9436703819154825,0.006713595422988822,0.019236925862732953,0.7270928883884556,0.006713595422988822,0.028195583816647177,0.8117972928818721,13.99,True,8.519504341022683,bandwidth,Full Sample,,
-0.001119508835163342,0.01893419167874607,0.9528515051181139,0.005817532633164124,0.01893419167874607,0.7586530002799794,0.005817532633164124,0.02754495306047982,0.8327301188092353,14.75,True,8.519504341022683,bandwidth,Full Sample,,
-0.000944548017294418,0.018675558761601423,0.9596628346931835,0.005320256427214568,0.018675558761601423,0.7757375868223381,0.005320256427214568,0.02699706406365961,0.8437743534562437,15.51,True,8.519504341022683,bandwidth,Full Sample,,
-0.000737700708835342,0.018456318883604526,0.9681169727296784,0.004858201670602288,0.018456318883604526,0.792375612221952,0.004858201670602288,0.026557471379076464,0.8548516602783405,16.28,True,8.519504341022683,bandwidth,Full Sample,,
-0.00047346567299973727,0.01827433837965192,0.9793301030698138,0.004367575013990162,0.01827433837965192,0.8111052372902383,0.004367575013990162,0.026207408181082924,0.8676421334577332,17.04,True,8.519504341022683,bandwidth,Full Sample,,
0.009489767217604916,0.023760664909547684,0.6896060081274309,0.01714093329422911,0.023760664909547684,0.4706637150871794,0.01714093329422911,0.029790360691222526,0.5650307965202754,,False,,cutoffs,Full Sample,-3.0,
0.028682554447739428,0.02429037830304388,0.2376744017268977,0.04052129243902519,0.02429037830304388,0.09527534993222236,0.04052129243902519,0.03057777787483121,0.18510893313012178,,False,,cutoffs,Full Sample,-2.0,
0.006665170345180271,0.025857681655847765,0.7965893215355548,0.006543539877567811,0.025857681655847765,0.8002219990557755,0.006543539877567811,0.0339798464732469,0.8472948002615307,,False,,cutoffs,Full Sample,-1.0,
-0.0044866029137847485,0.02531210217494233,0.8593110051509627,-0.006451284600410334,0.02531210217494233,0.7988238397876137,-0.006451284600410334,0.03340167627893286,0.846847337644215,,False,,cutoffs,Full Sample,0.0,
-0.04070018187413382,0.026663125936732104,0.1268954694204519,-0.05579857832986884,0.026663125936732104,0.03637375008249284,-0.05579857832986884,0.033590885897269114,0.09668883465850778,,False,,cutoffs,Full Sample,1.0,
-0.008194016889277456,0.025575097222687155,0.7486723646670115,-0.013229861035777446,0.025575097222687155,0.604950486268385,-0.013229861035777446,0.033329120624046756,0.6914072835439968,,False,,cutoffs,Full Sample,2.0,
0.00223814397048272,0.027595325902214456,0.935357727074262,-0.0003353999723639256,0.027595325902214456,0.9903025652992979,-0.0003353999723639256,0.03507862523520109,0.9923712408791404,,False,,cutoffs,Full Sample,3.0,
0.0019133193926450997,0.021360994663239364,0.9286283632984819,0.006054485252916316,0.021360994663239364,0.7768422632378049,0.006054485252916316,0.02686417805952264,0.8216883946514961,,True,,cutoffs,Full Sample,-3.0,
0.021348000917148124,0.022334136429088446,0.3391499096783225,0.0314601782875055,0.022334136429088446,0.15894932314567567,0.0314601782875055,0.02802196022870282,0.2615660872581451,,True,,cutoffs,Full Sample,-2.0,
0.012930312352740206,0.02309496702151563,0.5755641795862529,0.020561655394320505,0.02309496702151563,0.3733000270364174,0.020561655394320505,0.030135079096017876,0.4950389741161644,,True,,cutoffs,Full Sample,-1.0,
-0.0006895428913346194,0.023218247326173554,0.9763076534128707,0.0006561901875860188,0.023218247326173554,0.9774533226901475,0.0006561901875860188,0.0309500025229029,0.9830848221271217,,True,,cutoffs,Full Sample,0.0,
-0.03945851432145235,0.024801525968887378,0.11161605020306578,-0.05333900053142619,0.024801525968887378,0.031505113730771896,-0.05333900053142619,0.03160353093409295,0.09145837130688587,,True,,cutoffs,Full Sample,1.0,
0.004690142920562681,0.02436158496740938,0.8473332769422014,0.010623967939603872,0.02436158496740938,0.6627677289774259,0.010623967939603872,0.031744948233256645,0.7378767407549023,,True,,cutoffs,Full Sample,2.0,
-0.008859754682487007,0.02646828422793905,0.7378280306045546,-0.012436844756451964,0.02646828422793905,0.6384427148302734,-0.012436844756451964,0.033469311944621556,0.7101985109734927,,True,,cutoffs,Full Sample,3.0,
-0.0044866029137847485,0.02531210217494233,0.8593110051509627,-0.006451284600410334,0.02531210217494233,0.7988238397876137,-0.006451284600410334,0.03340167627893286,0.846847337644215,,False,,polynomial,Full Sample,,1.0
-0.009415571223442054,0.03624534813027621,0.7950387001575939,-0.013832871185150308,0.03624534813027621,0.7027243879056769,-0.013832871185150308,0.043878982564307556,0.752571465514533,,False,,polynomial,Full Sample,,2.0
-0.0016785832475121332,0.0499059749002178,0.973168279487835,0.001135036983712201,0.0499059749002178,0.9818548697266343,0.001135036983712201,0.06053150427856208,0.9850396016421245,,False,,polynomial,Full Sample,,3.0
-0.0006895428913346194,0.023218247326173554,0.9763076534128707,0.0006561901875860188,0.023218247326173554,0.9774533226901475,0.0006561901875860188,0.0309500025229029,0.9830848221271217,,True,,polynomial,Full Sample,,1.0
-0.0046939358899572466,0.03433879977434507,0.8912720279189695,-0.0110200791443314,0.03433879977434507,0.7482694387118644,-0.0110200791443314,0.04176701930669408,0.7918982520126446,,True,,polynomial,Full Sample,,2.0
-0.009359549877952462,0.05014464419064212,0.8519342475000614,-0.014854946845418052,0.05014464419064212,0.767045319382331,-0.014854946845418052,0.06030196036329974,0.8054169696987878,,True,,polynomial,Full Sample,,3.0
0.012895387146691473,0.07215857704932103,0.8581662019670762,0.17219400329037587,0.07215857704932103,0.017017584643702698,0.17219400329037587,0.18845132195614242,0.360857685145637,3.27,False,8.384032078522926,bandwidth,Independents,,
-0.008264631404492656,0.06651649415836268,0.901117846415764,0.15658551301729542,0.06651649415836268,0.018568340625051916,0.15658551301729542,0.1704556096105367,0.35828951435878964,4.02,False,8.384032078522926,bandwidth,Independents,,
-0.029344097010211012,0.05949764228501738,0.6218729422905582,0.09713438216936737,0.05949764228501738,0.10255834617122969,0.09713438216936737,0.11734843483994598,0.4078158844528592,4.77,False,8.384032078522926,bandwidth,Independents,,
-0.03123624361027827,0.05627558855686179,0.5788546493073949,0.027825017577387118,0.05627558855686179,0.6209940204697042,0.027825017577387118,0.09697062674545633,0.7741561622015853,5.52,False,8.384032078522926,bandwidth,Independents,,
-0.025611528692489893,0.05335580135144569,0.6312174773014446,-0.020926344344963432,0.05335580135144569,0.6949076878102196,-0.020926344344963432,0.08267751672813516,0.8001847248564473,6.27,False,8.384032078522926,bandwidth,Independents,,
-0.01831263329788041,0.051199751579215205,0.7205900210565271,-0.038993829077742514,0.051199751579215205,0.4462976288943701,-0.038993829077742514,0.07840416040036556,0.6189465755911877,7.02,False,8.384032078522926,bandwidth,Independents,,
-0.014193221188504301,0.04832223301532069,0.7689716345333477,-0.03395568833957008,0.04832223301532069,0.48224717539812545,-0.03395568833957008,0.07249911140481406,0.6395271231982107,7.77,False,8.384032078522926,bandwidth,Independents,,
-0.01436017281241525,0.046117185649134765,0.7555084014608437,-0.023523682546567615,0.046117185649134765,0.6099919452951554,-0.023523682546567615,0.06843376425932512,0.7310389643780087,8.52,False,8.384032078522926,bandwidth,Independents,,
-0.015577566376093477,0.044240503233704924,0.7247550439181702,-0.01853034836123213,0.044240503233704924,0.6753222320892903,-0.01853034836123213,0.06519454356298436,0.7762329129047909,9.27,False,8.384032078522926,bandwidth,Independents,,
-0.01659335496407316,0.04279851257787899,0.6982316290488884,-0.01767224406212503,0.04279851257787899,0.6796672432000792,-0.01767224406212503,0.06350156515431739,0.7807849955012192,10.02,False,8.384032078522926,bandwidth,Independents,,
-0.016575864438498566,0.04154621817888355,0.689912298449932,-0.020740850589814175,0.04154621817888355,0.6176219047399818,-0.020740850589814175,0.06153739120731146,0.7360832155963475,10.77,False,8.384032078522926,bandwidth,Independents,,
-0.017889786656203388,0.04064672505839986,0.6598439606390052,-0.020178503456827368,0.04064672505839986,0.6195867294736559,-0.020178503456827368,0.05973653719819738,0.7355202028654204,11.52,False,8.384032078522926,bandwidth,Independents,,
-0.018051952487403322,0.03996255566023334,0.651469503117654,-0.023166636365304916,0.03996255566023334,0.5621111568627538,-0.023166636365304916,0.05817882068695789,0.6904849201066916,12.27,False,8.384032078522926,bandwidth,Independents,,
-0.016811677202520636,0.03943189616137731,0.6698548935675674,-0.02848509368234775,0.03943189616137731,0.47005650693895984,-0.02848509368234775,0.0569978149734224,0.6172457385968173,13.02,False,8.384032078522926,bandwidth,Independents,,
-0.0157763187186859,0.039058214878829225,0.6862729689565478,-0.03208161360941919,0.039058214878829225,0.41143018628135875,-0.03208161360941919,0.05612331447396096,0.5675745580139558,13.77,False,8.384032078522926,bandwidth,Independents,,
-0.014322531172300035,0.038616770873331534,0.7107202926021203,-0.03668761975163404,0.038616770873331534,0.34209005003888826,-0.03668761975163404,0.054497698126108246,0.5008227531269992,14.52,False,8.384032078522926,bandwidth,Independents,,
-0.012536384840110049,0.03822041262068015,0.7429098920720419,-0.04090118423522571,0.03822041262068015,0.2845563923429698,-0.04090118423522571,0.05326733035407916,0.442577815475228,15.27,False,8.384032078522926,bandwidth,Independents,,
-0.010516822397991288,0.03787923578307563,0.7812880873705027,-0.04455481899378111,0.03787923578307563,0.23950165592103578,-0.04455481899378111,0.05237632512591558,0.39495427861300114,16.02,False,8.384032078522926,bandwidth,Independents,,
-0.008807683624410034,0.037530959078276686,0.8144588048121875,-0.046336900172145534,0.037530959078276686,0.21696772107175133,-0.046336900172145534,0.05146143139151184,0.36789680077703046,16.77,False,8.384032078522926,bandwidth,Independents,,
-0.00616181069255443,0.09303446521269107,0.9471935312033058,0.15770168262739945,0.09303446521269107,0.09005857119791831,0.15770168262739945,0.06531551778716864,0.015758568028432056,2.52,True,8.384032078522926,bandwidth,Independents,,
-0.05623868220939953,0.07093177169892738,0.42786171348337276,0.11406856015949285,0.07093177169892738,0.1078034682913257,0.11406856015949285,0.1771976860224589,0.5197465294149815,3.27,True,8.384032078522926,bandwidth,Independents,,
-0.07793347686447794,0.06504824858952621,0.23088305436389533,0.09246519719863072,0.06504824858952621,0.15517542022684966,0.09246519719863072,0.16151265506957801,0.5669866314353532,4.02,True,8.384032078522926,bandwidth,Independents,,
-0.08511233207992613,0.05749022730979126,0.13874890364912848,0.019143230966412586,0.05749022730979126,0.7391476066329676,0.019143230966412586,0.11478906162825678,0.8675519900551539,4.77,True,8.384032078522926,bandwidth,Independents,,
-0.07654494978471607,0.053981479171002766,0.15619502493553183,-0.039519008217219556,0.053981479171002766,0.4641169482419063,-0.039519008217219556,0.09555264614698641,0.6791790795081478,5.52,True,8.384032078522926,bandwidth,Independents,,
-0.06124417525677987,0.05071545913971207,0.22719974177275404,-0.07818718135365778,0.05071545913971207,0.1231505483538474,-0.07818718135365778,0.0812755184424057,0.33604878432899454,6.27,True,8.384032078522926,bandwidth,Independents,,
-0.04604180377942204,0.04825046277813907,0.33996970030724805,-0.08975256558724648,0.04825046277813907,0.0628658685207245,-0.08975256558724648,0.07690483550326829,0.2431860965778313,7.02,True,8.384032078522926,bandwidth,Independents,,
-0.03579737243116789,0.0452448434897505,0.42883177576246423,-0.08622473469166622,0.0452448434897505,0.05668444417848635,-0.08622473469166622,0.07114927793377515,0.2255564478209343,7.77,True,8.384032078522926,bandwidth,Independents,,
-0.033390044057997184,0.04294582863558396,0.4368684720473205,-0.07073532564120091,0.04294582863558396,0.0995410759909215,-0.07073532564120091,0.0667434722864742,0.28923154910558624,8.52,True,8.384032078522926,bandwidth,Independents,,
-0.031071154872352458,0.041117170664306917,0.4498449965050587,-0.06303322950683168,0.041117170664306917,0.12527221828686969,-0.06303322950683168,0.06305400298808665,0.3174699712462934,9.27,True,8.384032078522926,bandwidth,Independents,,
-0.027902081127046067,0.03979712484375828,0.4832356413157991,-0.06056236833439389,0.03979712484375828,0.12806484619275219,-0.06056236833439389,0.060891777688712005,0.3199355919302852,10.02,True,8.384032078522926,bandwidth,Independents,,
-0.025744241090194762,0.03867324928396235,0.5056118161439365,-0.05728804416273427,0.03867324928396235,0.13851728192469975,-0.05728804416273427,0.058375733888287006,0.3264115796523137,10.77,True,8.384032078522926,bandwidth,Independents,,
-0.02542527228404036,0.037854789257556816,0.5018048053659061,-0.05210933233301361,0.037854789257556816,0.16864878561194419,-0.05210933233301361,0.05618062270563506,0.3536503205595477,11.52,True,8.384032078522926,bandwidth,Independents,,
-0.024204350781839964,0.037248167598090486,0.5158128948653911,-0.0513651940724434,0.037248167598090486,0.16789499432129806,-0.0513651940724434,0.054452270015118,0.3455240222585786,12.27,True,8.384032078522926,bandwidth,Independents,,
-0.021759092649457138,0.036787313674955774,0.55419644186536,-0.053567322066081065,0.036787313674955774,0.14535510043416863,-0.053567322066081065,0.05319913892009885,0.3139728125819585,13.02,True,8.384032078522926,bandwidth,Independents,,
-0.019601321128256195,0.03646592534665206,0.5909055017857334,-0.055470935994914025,0.03646592534665206,0.12821673915253243,-0.055470935994914025,0.052283824290593944,0.2887090379646381,13.77,True,8.384032078522926,bandwidth,Independents,,
-0.017815594290491978,0.036092681198222946,0.6215838696566407,-0.05428215169399779,0.036092681198222946,0.13259021897902604,-0.05428215169399779,0.05072153275637906,0.2845295841607698,14.52,True,8.384032078522926,bandwidth,Independents,,
-0.016121233369696633,0.035753765282769114,0.652064433623782,-0.052793415978,0.035753765282769114,0.13978734660570855,-0.052793415978,0.04951914040905215,0.2863687607729617,15.27,True,8.384032078522926,bandwidth,Independents,,
-0.014430182661830911,0.03545743881544115,0.6840285973467091,-0.051661911927266047,0.03545743881544115,0.14511308270581774,-0.051661911927266047,0.04866167941530994,0.2883923663293252,16.02,True,8.384032078522926,bandwidth,Independents,,
-0.013081411139145276,0.03514524662777732,0.7097365246966125,-0.049988923299772,0.03514524662777732,0.15492399551251154,-0.049988923299772,0.047814733929832716,0.29580528283077856,16.77,True,8.384032078522926,bandwidth,Independents,,
0.08421513765523697,0.06072995739480439,0.16552871100399202,0.1179771825320427,0.06072995739480439,0.05205820088143574,0.1179771825320427,0.07524340770866704,0.11689503058421684,,False,,cutoffs,Independents,-3.0,
0.036448124007041616,0.05097743690634722,0.474618054107414,0.061485482918982926,0.05097743690634722,0.22776686283905745,0.061485482918982926,0.06340931675145309,0.3322159568351142,,False,,cutoffs,Independents,-2.0,
-0.04876918486797155,0.051352605795247384,0.3422685189000696,-0.05425697239089283,0.051352605795247384,0.2907136603119099,-0.05425697239089283,0.06857991612214391,0.42885670511145946,,False,,cutoffs,Independents,-1.0,
-0.014143425554814404,0.04660468982458338,0.7615267962959523,-0.019209718646658047,0.04660468982458338,0.6802043878413725,-0.019209718646658047,0.06168717280344273,0.7554924501720839,,False,,cutoffs,Independents,0.0,
0.021960162427359597,0.049300709063786766,0.6560068731523212,0.009850973254256545,0.049300709063786766,0.8416260299212464,0.009850973254256545,0.06457317034680815,0.878749052446322,,False,,cutoffs,Independents,1.0,
0.09892383230390756,0.05455819127019451,0.06980403224735145,0.08828533971774855,0.05455819127019451,0.10562236734061237,0.08828533971774855,0.07314113656312285,0.22741114702941323,,False,,cutoffs,Independents,2.0,
0.04997907872856011,0.0613457016166163,0.41523718775244245,-0.001880848415144798,0.0613457016166163,0.9755408318854585,-0.001880848415144798,0.07800217550068929,0.9807626583428364,,False,,cutoffs,Independents,3.0,
0.07396343591959388,0.056025603516101724,0.18677758103705078,0.10189085332054489,0.056025603516101724,0.068965145572606,0.10189085332054489,0.06907484942329084,0.1401913308206338,,True,,cutoffs,Independents,-3.0,
0.07525703981674056,0.048310295410252856,0.11928429030147265,0.10129997864917067,0.048310295410252856,0.036005873905430696,0.10129997864917067,0.05921904235203751,0.08715533834436975,,True,,cutoffs,Independents,-2.0,
-0.03338010439253091,0.045303107601681956,0.4612335824280235,-0.04224307194860574,0.045303107601681956,0.3511018569899169,-0.04224307194860574,0.0600970281881369,0.4821090401759045,,True,,cutoffs,Independents,-1.0,
-0.03355612931812074,0.04329678637294077,0.43832437593545603,-0.05442329731422795,0.04329678637294077,0.20876001821119883,-0.05442329731422795,0.05749806693625924,0.3438814135786499,,True,,cutoffs,Independents,0.0,
-0.012263061658674905,0.045837351090885034,0.7890578419394131,-0.03723274638827017,0.045837351090885034,0.41663119870079335,-0.03723274638827017,0.05960384882758497,0.5321875549784841,,True,,cutoffs,Independents,1.0,
0.09692066592885294,0.05211657452625126,0.06292941544835384,0.09736676937176468,0.05211657452625126,0.06172728849864626,0.09736676937176468,0.07059385299948834,0.16781682395798092,,True,,cutoffs,Independents,2.0,
0.060227681703437175,0.05752973120147565,0.29514725646250495,0.03027799653348689,0.05752973120147565,0.5986785875426563,0.03027799653348689,0.07369444672776138,0.6811762277329771,,True,,cutoffs,Independents,3.0,
-0.014143425554814404,0.04660468982458338,0.7615267962959523,-0.019209718646658047,0.04660468982458338,0.6802043878413725,-0.019209718646658047,0.06168717280344273,0.7554924501720839,,False,,polynomial,Independents,,1.0
-0.01918162346432739,0.06613157142373516,0.7717761219558121,-0.011773028951059361,0.06613157142373516,0.8587038653143405,-0.011773028951059361,0.08042012868683991,0.8836103181236664,,False,,polynomial,Independents,,2.0
-0.026947508129292252,0.09447782425556568,0.7754711949545782,-0.03957175753289022,0.09447782425556568,0.6753279201246916,-0.03957175753289022,0.11648400308915746,0.7340686142953186,,False,,polynomial,Independents,,3.0
-0.03355612931812074,0.04329678637294077,0.43832437593545603,-0.05442329731422795,0.04329678637294077,0.20876001821119883,-0.05442329731422795,0.05749806693625924,0.3438814135786499,,True,,polynomial,Independents,,1.0
-0.0644645571030088,0.06262705661565283,0.3033197631922735,-0.06608217820767703,0.06262705661565283,0.29134767783196425,-0.06608217820767703,0.07650607567856305,0.38772484271329655,,True,,polynomial,Independents,,2.0
-0.08068976566483448,0.09307007886907888,0.3859537411515508,-0.08948318455701557,0.09307007886907888,0.3363207851766944,-0.08948318455701557,0.11348687951715952,0.4304105839088329,,True,,polynomial,Independents,,3.0
0.006994377033007537,0.08308416426653648,0.9329099501983021,0.1960926506594649,0.08308416426653648,0.018266622158837415,0.1960926506594649,0.042399705858945355,3.748537616050263e-06,2.52,False,8.39843846150334,bandwidth,Partisans,,
-0.0017645027778479538,0.06744402027614077,0.9791277428894833,0.021748333786612395,0.06744402027614077,0.7471004735807361,0.021748333786612395,0.1466906323323989,0.8821376859712937,3.27,False,8.39843846150334,bandwidth,Partisans,,
-0.006383277562970413,0.061240427718209194,0.9169843937644625,0.0054737495374046485,0.061240427718209194,0.9287788779919413,0.0054737495374046485,0.13087489046822942,0.9666387703286814,4.02,False,8.39843846150334,bandwidth,Partisans,,
0.00624837405192552,0.05260814803042598,0.9054560060354016,-0.036934297316085496,0.05260814803042598,0.48263912764240713,-0.036934297316085496,0.10019145472709377,0.7123981639689875,4.77,False,8.39843846150334,bandwidth,Partisans,,
0.004640988452614014,0.048348954067558764,0.9235289689039389,-0.016162207288252295,0.048348954067558764,0.7381664250578048,-0.016162207288252295,0.084327847439105,0.8480091716569331,5.53,False,8.39843846150334,bandwidth,Partisans,,
0.003470171308777692,0.044871129167483675,0.93835593964431,-0.005794271700676978,0.044871129167483675,0.8972536768973044,-0.005794271700676978,0.07348884801805301,0.9371554400159914,6.28,False,8.39843846150334,bandwidth,Partisans,,
0.0029537305090441834,0.04223567071776169,0.9442457934032031,-0.003199288853694693,0.04223567071776169,0.9396191865518392,-0.003199288853694693,0.06905458415131069,0.9630473441999245,7.03,False,8.39843846150334,bandwidth,Partisans,,
0.003453663577577426,0.03924175211377251,0.9298687894234005,-0.002404159317170862,0.03924175211377251,0.9511478929581247,-0.002404159317170862,0.06345720188584811,0.9697783270597775,7.78,False,8.39843846150334,bandwidth,Partisans,,
0.0069103926860824005,0.03682745021430905,0.8511569533461848,-0.005830737165603117,0.03682745021430905,0.8742000438073162,-0.005830737165603117,0.05898649436188837,0.9212584158684677,8.53,False,8.39843846150334,bandwidth,Partisans,,
0.010577929635401884,0.03515225108051879,0.763477359377746,-0.0064707362315087336,0.03515225108051879,0.8539527078395113,-0.0064707362315087336,0.056180840561941066,0.9083048913460644,9.28,False,8.39843846150334,bandwidth,Partisans,,
0.013847880708678373,0.03395468008762964,0.683395383478446,-0.0054323853540321765,0.03395468008762964,0.8728895063691917,-0.0054323853540321765,0.05429686193068217,0.9203048595866259,10.03,False,8.39843846150334,bandwidth,Partisans,,
0.016127027779887115,0.03280302815198403,0.6229793138486044,0.0014287149965902524,0.03280302815198403,0.965259630176273,0.0014287149965902524,0.05198163797136632,0.978072908551486,10.79,False,8.39843846150334,bandwidth,Partisans,,
0.016288828818048773,0.03189692485689537,0.6095815756092169,0.011029974926910047,0.03189692485689537,0.7294925936891339,0.011029974926910047,0.050103487362096535,0.825759120032138,11.54,False,8.39843846150334,bandwidth,Partisans,,
0.015360523850616925,0.031136553944265743,0.6217810748035251,0.02040505084786043,0.031136553944265743,0.5122484263231757,0.02040505084786043,0.048513060123741944,0.6740403023951833,12.29,False,8.39843846150334,bandwidth,Partisans,,
0.013907796932345617,0.030488445320039213,0.648270499833693,0.028011227021963847,0.030488445320039213,0.358226901653804,0.028011227021963847,0.04726944689006097,0.5534580444102779,13.04,False,8.39843846150334,bandwidth,Partisans,,
0.012429789458715979,0.02979586632259602,0.676557800238002,0.03436100884211135,0.02979586632259602,0.24882257707117772,0.03436100884211135,0.045819851858804855,0.4533057073628366,13.79,False,8.39843846150334,bandwidth,Partisans,,
0.012274572885765223,0.029235143247602388,0.6745900882058562,0.03579411529287008,0.029235143247602388,0.22081934990839858,0.03579411529287008,0.04474789060854198,0.42376514329296333,14.54,False,8.39843846150334,bandwidth,Partisans,,
0.012233869815333254,0.028766791030169794,0.6706343723236822,0.036752506015316766,0.028766791030169794,0.2013898408729229,0.036752506015316766,0.04386107542307556,0.40207008162427893,15.29,False,8.39843846150334,bandwidth,Partisans,,
0.011980028097314688,0.02836389702015997,0.6727557715162691,0.03790054015828004,0.02836389702015997,0.1814758357805507,0.03790054015828004,0.04312588033316796,0.3794906566083799,16.05,False,8.39843846150334,bandwidth,Partisans,,
0.011880317867933698,0.0280071356862363,0.6714280087282205,0.038566276941303324,0.0280071356862363,0.16850726815906958,0.038566276941303324,0.042425448986103016,0.36333091805996887,16.8,False,8.39843846150334,bandwidth,Partisans,,
0.0065887357466046445,0.07545377360280389,0.9304159747208287,0.6725328804366871,0.07545377360280389,4.959047964744089e-19,0.6725328804366871,0.059861335279937554,2.7497304702448347e-29,2.52,True,8.39843846150334,bandwidth,Partisans,,
0.005914191397152478,0.0614428454385089,0.9233179166132865,0.0011623053794411337,0.0614428454385089,0.9849074338414829,0.0011623053794411337,0.13068399564987587,0.9929036965379384,3.27,True,8.39843846150334,bandwidth,Partisans,,
0.00438067657022541,0.05603741707944897,0.9376895368531601,-0.0007564989683159912,0.05603741707944897,0.989228973335588,-0.0007564989683159912,0.11674241415609661,0.9948296887026402,4.02,True,8.39843846150334,bandwidth,Partisans,,
0.012866034580484883,0.0480132432724412,0.7887236008847909,-0.01906597496557668,0.0480132432724412,0.6912950090635452,-0.01906597496557668,0.09126048272853493,0.8345121031007663,4.77,True,8.39843846150334,bandwidth,Partisans,,
0.01089019388206669,0.04414638006589627,0.8051529959050617,-0.0005042892527446783,0.04414638006589627,0.9908858697379929,-0.0005042892527446783,0.07760371759174212,0.9948151739420991,5.53,True,8.39843846150334,bandwidth,Partisans,,
0.010273254539174508,0.04092650334421812,0.8018008439616306,0.004411811742383037,0.04092650334421812,0.9141556089260917,0.004411811742383037,0.06769738067027282,0.9480389591923906,6.28,True,8.39843846150334,bandwidth,Partisans,,
0.010651217540590566,0.03846786233592195,0.7818675428627564,0.004920483928914936,0.03846786233592195,0.8982189698900707,0.004920483928914936,0.06362398667666158,0.9383555114134278,7.03,True,8.39843846150334,bandwidth,Partisans,,
0.011520703101689043,0.03567715950318317,0.7467593370694248,0.006864393996519261,0.03567715950318317,0.847426510226482,0.006864393996519261,0.05839683512623459,0.9064263136446393,7.78,True,8.39843846150334,bandwidth,Partisans,,
0.013227488427782017,0.03348171292983564,0.692794135549412,0.008229871177386635,0.03348171292983564,0.8058355278351547,0.008229871177386635,0.054211202249566916,0.8793357971300355,8.53,True,8.39843846150334,bandwidth,Partisans,,
0.01473709116183242,0.03198272696139698,0.6449544277928433,0.010945200566023282,0.03198272696139698,0.7321836470343782,0.010945200566023282,0.05154749637151737,0.831847766317258,9.28,True,8.39843846150334,bandwidth,Partisans,,
0.015907049557095487,0.030924095933379678,0.6069792623098759,0.01395150867024586,0.030924095933379678,0.6518790477684213,0.01395150867024586,0.04975013132970099,0.7791463999444471,10.03,True,8.39843846150334,bandwidth,Partisans,,
0.016279705073987898,0.02989701927385213,0.5860795442796041,0.020005844650668708,0.02989701927385213,0.5033943742985934,0.020005844650668708,0.047513423732597426,0.673713690537832,10.79,True,8.39843846150334,bandwidth,Partisans,,
0.01529206655953341,0.02909200092303268,0.5991348430367754,0.02727972073713455,0.02909200092303268,0.34839592736384706,0.02727972073713455,0.04572788784444847,0.550796919894843,11.54,True,8.39843846150334,bandwidth,Partisans,,
0.01404418655778007,0.02840657335436464,0.6210242933749925,0.03299454076419189,0.02840657335436464,0.24543424770599387,0.03299454076419189,0.044194083617752185,0.4553154603281435,12.29,True,8.39843846150334,bandwidth,Partisans,,
0.012867767870702668,0.02781380732600693,0.643622740134964,0.03685124000441867,0.02781380732600693,0.18519565439524632,0.03685124000441867,0.04299688369279034,0.39140747344916516,13.04,True,8.39843846150334,bandwidth,Partisans,,
0.011594252447880232,0.02718091389624152,0.6697008608667465,0.0398735900292199,0.02718091389624152,0.1423841687350949,0.0398735900292199,0.04164167219887116,0.3382944854812998,13.79,True,8.39843846150334,bandwidth,Partisans,,
0.011141320112612612,0.02667846343968555,0.6762288032504391,0.0403703268824204,0.02667846343968555,0.13022433352807397,0.0403703268824204,0.04067484562397809,0.3209471753246559,14.54,True,8.39843846150334,bandwidth,Partisans,,
0.010832475514045616,0.026263387467694844,0.6800056773981309,0.04062502360886316,0.026263387467694844,0.12190398719802407,0.04062502360886316,0.03987973145546347,0.30835087637059677,15.29,True,8.39843846150334,bandwidth,Partisans,,
0.01049390200298368,0.02590838945082914,0.6854490183845733,0.04095008726019023,0.02590838945082914,0.11397582328558106,0.04095008726019023,0.03921946291068459,0.29642678754649154,16.05,True,8.39843846150334,bandwidth,Partisans,,
0.010602956518194966,0.025590864523698992,0.6786354900114084,0.040431854580566945,0.025590864523698992,0.11412218210309685,0.040431854580566945,0.03857317124879207,0.29455296124966235,16.8,True,8.39843846150334,bandwidth,Partisans,,
0.00497342365558151,0.03150693352902637,0.87457364268263,0.003899617063003291,0.03150693352902637,0.9014972876525057,0.003899617063003291,0.04024062723481087,0.9227998827168035,,False,,cutoffs,Partisans,-3.0,
0.057612560854620354,0.03405162728735477,0.09066161103793798,0.059580234508034624,0.03405162728735477,0.080169575326294,0.059580234508034624,0.04433656922921506,0.1790075777021265,,False,,cutoffs,Partisans,-2.0,
0.048502611897026926,0.03938313515306136,0.21811426918113963,0.03988628529486499,0.03938313515306136,0.31116727346167183,0.03988628529486499,0.050757586140591164,0.4319734216508745,,False,,cutoffs,Partisans,-1.0,
0.005142285320862028,0.037859595035955776,0.8919595054287641,0.006586633612548354,0.037859595035955776,0.8618848903663592,0.006586633612548354,0.04990603572824454,0.894999556051343,,False,,cutoffs,Partisans,0.0,
-0.10232529806749227,0.04275763229975864,0.01670454838012207,-0.12547268722375088,0.04275763229975864,0.0033407509884144783,-0.12547268722375088,0.05126543823184989,0.014384702052947552,,False,,cutoffs,Partisans,1.0,
-0.05360336753249961,0.03513742158428475,0.1271257028504373,-0.06178961608936934,0.03513742158428475,0.0786602449125431,-0.06178961608936934,0.04459213299580792,0.16585019222188158,,False,,cutoffs,Partisans,2.0,
-0.008259162847732149,0.03644477246215634,0.820718203961309,0.011548604376454219,0.03644477246215634,0.7513349731135053,0.011548604376454219,0.0456570446739137,0.8003126916004735,,False,,cutoffs,Partisans,3.0,
0.005577645749987944,0.027910653838388862,0.8416062579751963,0.0081204695267943,0.027910653838388862,0.7710932651398376,0.0081204695267943,0.03522231546902917,0.8176651940981521,,True,,cutoffs,Partisans,-3.0,
0.03226470476085151,0.029916305094836126,0.280811133273,0.041329798198702285,0.029916305094836126,0.16712093636149328,0.041329798198702285,0.0381249038820964,0.27833686054470186,,True,,cutoffs,Partisans,-2.0,
0.04483200632355236,0.032489150324872276,0.1676152775779005,0.053871481440840495,0.032489150324872276,0.09728969806521776,0.053871481440840495,0.04227881840643345,0.20259412887594908,,True,,cutoffs,Partisans,-1.0,
0.012952148208549757,0.03380513119081275,0.7016148606856709,0.022542004993149328,0.03380513119081275,0.5048858421228994,0.022542004993149328,0.04567183436987891,0.6216136396277179,,True,,cutoffs,Partisans,0.0,
-0.07935306959060952,0.037167236668059225,0.0327587700342614,-0.09524186898466169,0.037167236668059225,0.01039149447624502,-0.09524186898466169,0.046044454096088185,0.0385952427971805,,True,,cutoffs,Partisans,1.0,
-0.0359363304938059,0.0326172043933789,0.27056603269483537,-0.030009455746031855,0.0326172043933789,0.35754668176227244,-0.030009455746031855,0.041642418793063345,0.4711271489807527,,True,,cutoffs,Partisans,2.0,
-0.02568618838154727,0.034425890348933987,0.4555889092845865,-0.0035580151300070983,0.034425890348933987,0.9176829031369083,-0.0035580151300070983,0.042922780276445784,0.9339363032139317,,True,,cutoffs,Partisans,3.0,
0.005142285320862028,0.037859595035955776,0.8919595054287641,0.006586633612548354,0.037859595035955776,0.8618848903663592,0.006586633612548354,0.04990603572824454,0.894999556051343,,False,,polynomial,Partisans,,1.0
-0.006877007225316367,0.058142104649501314,0.9058463613674842,-0.020058934215218427,0.058142104649501314,0.7300955588681158,-0.020058934215218427,0.0699234746592741,0.77421200391943,,False,,polynomial,Partisans,,2.0
-0.01286699738997843,0.0749965320983433,0.8637772466423421,-0.012740618955167982,0.0749965320983433,0.8651023281131366,-0.012740618955167982,0.08968875084923884,0.8870375888258677,,False,,polynomial,Partisans,,3.0
0.012952148208549757,0.03380513119081275,0.7016148606856709,0.022542004993149328,0.03380513119081275,0.5048858421228994,0.022542004993149328,0.04567183436987891,0.6216136396277179,,True,,polynomial,Partisans,,1.0
0.008152966626600592,0.05341941999061603,0.8786965532702888,-0.006069763371717489,0.05341941999061603,0.909535339017072,-0.006069763371717489,0.06464022672991611,0.9251880275320375,,True,,polynomial,Partisans,,2.0
-0.001543964744166272,0.06969392233964446,0.9823255051153805,-0.007455072709431822,0.06969392233964446,0.9148137605020639,-0.007455072709431822,0.08331194176622474,0.9286973935588874,,True,,polynomial,Partisans,,3.0
-0.019710466295339152,0.09369403565630233,0.8333784720185811,-0.22508058984800067,0.09369403565630233,0.01629262234363118,-0.22508058984800067,0.1488476059216622,0.13049454118886258,2.89,False,9.61737700290936,bandwidth,Democrats,,
0.010662813948761507,0.07421457831386834,0.8857567473174235,-0.10358804354051548,0.07421457831386834,0.16277742894891545,-0.10358804354051548,0.1572767868469704,0.5101299898593215,3.75,False,9.61737700290936,bandwidth,Democrats,,
0.013166092811401187,0.06465133512026743,0.8386288498502541,-0.027360944718875235,0.06465133512026743,0.6721437081210857,-0.027360944718875235,0.11295779528045238,0.8086075890751578,4.61,False,9.61737700290936,bandwidth,Democrats,,
0.010707131909916817,0.059360295239412636,0.8568579328108926,-0.006764764309994981,0.059360295239412636,0.9092686332888963,-0.006764764309994981,0.09773710841948348,0.9448193764574648,5.47,False,9.61737700290936,bandwidth,Democrats,,
0.005710241468255772,0.05496486507516,0.9172574856810477,0.011108525371067435,0.05496486507516,0.8398367538082805,0.011108525371067435,0.0862736665835099,0.8975482171740027,6.33,False,9.61737700290936,bandwidth,Democrats,,
0.0008738596289603329,0.05110434995316828,0.9863572253563002,0.014300294975897104,0.05110434995316828,0.779611466354291,0.014300294975897104,0.07915984985345002,0.85664163185983,7.19,False,9.61737700290936,bandwidth,Democrats,,
-0.0005202274432870579,0.04791149087239256,0.9913366651409558,0.008897391737974103,0.04791149087239256,0.8526762981920079,0.008897391737974103,0.07460364352952044,0.9050676607199205,8.05,False,9.61737700290936,bandwidth,Democrats,,
0.0017066534948508294,0.045231612455645644,0.9699018149818546,0.0011513318410923123,0.045231612455645644,0.9796927268035167,0.0011513318410923123,0.07019401828097713,0.9869135756196593,8.91,False,9.61737700290936,bandwidth,Democrats,,
0.00721016036041211,0.04328380226598787,0.8677015390318261,-0.002017614560696851,0.04328380226598787,0.9628211794079434,-0.002017614560696851,0.06651321592842005,0.9758006489640476,9.77,False,9.61737700290936,bandwidth,Democrats,,
0.010822632724586778,0.04187608941972671,0.7960641027968787,0.0018190983693865126,0.04187608941972671,0.9653507724991408,0.0018190983693865126,0.06388748859604329,0.9772845288253222,10.63,False,9.61737700290936,bandwidth,Democrats,,
0.01231400400851801,0.04079128459156297,0.7627448318324743,0.009695141352304593,0.04079128459156297,0.812131791132225,0.009695141352304593,0.06183584881157599,0.8754116464082438,11.49,False,9.61737700290936,bandwidth,Democrats,,
0.012502987189893344,0.039881720802023034,0.7538995308630243,0.01899698575402578,0.039881720802023034,0.633837051014549,0.01899698575402578,0.060050318895115085,0.7517360122866767,12.35,False,9.61737700290936,bandwidth,Democrats,,
0.011859046718746935,0.03911390436987239,0.7617430811660844,0.027761752815543828,0.03911390436987239,0.4778487273581956,0.027761752815543828,0.05859913671754524,0.635673181749199,13.21,False,9.61737700290936,bandwidth,Democrats,,
0.010706069726578948,0.0384703484547697,0.7807866302293434,0.034832865718440964,0.0384703484547697,0.3652285691660079,0.034832865718440964,0.057428862961704685,0.544156654661297,14.07,False,9.61737700290936,bandwidth,Democrats,,
0.010837801492829202,0.037953837303939364,0.7752211234356712,0.03714508448568049,0.037953837303939364,0.32773260870498266,0.03714508448568049,0.05648682681134196,0.5108026228523068,14.93,False,9.61737700290936,bandwidth,Democrats,,
0.010210770334127872,0.037455784445274004,0.7851540722011799,0.04133586353719371,0.037455784445274004,0.26977063266024026,0.04133586353719371,0.05540592076450359,0.4556341987432668,15.79,False,9.61737700290936,bandwidth,Democrats,,
0.010017897840635115,0.03705341935104439,0.7868804992859858,0.043248396515840226,0.03705341935104439,0.24313347423453235,0.043248396515840226,0.05459878053867061,0.42829486895068825,16.65,False,9.61737700290936,bandwidth,Democrats,,
0.010169132176767237,0.03672939905753272,0.7818827835187179,0.04386694918466527,0.03672939905753272,0.2323496946177852,0.04386694918466527,0.05396879875546498,0.4163209463024329,17.51,False,9.61737700290936,bandwidth,Democrats,,
0.010101154084316888,0.03644493896888682,0.7816556763757364,0.04509888463162254,0.03644493896888682,0.2159190997793633,0.04509888463162254,0.05336430179881129,0.39804754725540215,18.37,False,9.61737700290936,bandwidth,Democrats,,
0.00979961461618295,0.03618109972392752,0.7865071726774441,0.046715645403587,0.03618109972392752,0.19664765902686332,0.046715645403587,0.05277362476785778,0.37604435037155026,19.23,False,9.61737700290936,bandwidth,Democrats,,
0.05328593149976852,0.06428076332625596,0.40712924332527956,-0.060288273716630876,0.06428076332625596,0.3483010339157908,-0.060288273716630876,0.12865742829646024,0.6393588957118952,3.75,True,9.61737700290936,bandwidth,Democrats,,
0.04493034376725233,0.05625705561002706,0.4244867232953635,0.044560413080097346,0.05625705561002706,0.42831066813823926,0.044560413080097346,0.09559340249437417,0.6411115163817397,4.61,True,9.61737700290936,bandwidth,Democrats,,
0.03803413584692165,0.05175710007397504,0.46242578178840077,0.04979305329409959,0.05175710007397504,0.33602317663371317,0.04979305329409959,0.08419451043699602,0.5542491001893298,5.47,True,9.61737700290936,bandwidth,Democrats,,
0.031827948482978936,0.048056689021721694,0.5077789322574041,0.04986895625258071,0.048056689021721694,0.2994046083655668,0.04986895625258071,0.07508156001893616,0.5065641537668024,6.33,True,9.61737700290936,bandwidth,Democrats,,
0.026983735051055696,0.044786249712926725,0.5468410719786457,0.04726478695630774,0.044786249712926725,0.29126917762897886,0.04726478695630774,0.06914484276342,0.49425178755046406,7.19,True,9.61737700290936,bandwidth,Democrats,,
0.024424192311725965,0.042025810598850626,0.5611250512592727,0.04435020802577869,0.042025810598850626,0.29128411474512395,0.04435020802577869,0.06522736327195285,0.4965471645761411,8.05,True,9.61737700290936,bandwidth,Democrats,,
0.02324161161588477,0.0397701235651556,0.5589520486553493,0.04174215599485916,0.0397701235651556,0.29390859967056304,0.04174215599485916,0.06150555664904958,0.49734512539282805,8.91,True,9.61737700290936,bandwidth,Democrats,,
0.02261484727884118,0.03821294431896816,0.5539770426645512,0.04496958440144319,0.03821294431896816,0.23926916271929943,0.04496958440144319,0.058488473996404416,0.4419750420585874,9.77,True,9.61737700290936,bandwidth,Democrats,,
0.022027172073714726,0.03709477949888651,0.5526406233848932,0.04830396375855484,0.03709477949888651,0.19285593111353816,0.04830396375855484,0.05627596970325689,0.39070427804742947,10.63,True,9.61737700290936,bandwidth,Democrats,,
0.021238642722848967,0.03623525048285754,0.5577867600664708,0.05130149875703726,0.03623525048285754,0.1568370510239016,0.05130149875703726,0.05455045397599667,0.34699125636257666,11.49,True,9.61737700290936,bandwidth,Democrats,,
0.020647033070442352,0.03550773299047694,0.560917060351911,0.05335907313465316,0.03550773299047694,0.1329047779397986,0.05335907313465316,0.05304556045901754,0.3144587437793782,12.35,True,9.61737700290936,bandwidth,Democrats,,
0.01980402099633637,0.03488859509747682,0.5702821876675968,0.055915711389006785,0.03488859509747682,0.10900242285238132,0.055915711389006785,0.05182734179572496,0.28063925679755086,13.21,True,9.61737700290936,bandwidth,Democrats,,
0.017964508541097608,0.034376997590157464,0.6012710737854114,0.05955543726974972,0.034376997590157464,0.08319860718250385,0.05955543726974972,0.05087580874036803,0.24175789347404175,14.07,True,9.61737700290936,bandwidth,Democrats,,
0.016525725821647127,0.0339750308306249,0.6266779399541622,0.06151089287067709,0.0339750308306249,0.07022239074444597,0.06151089287067709,0.050138788180869955,0.21989306559062283,14.93,True,9.61737700290936,bandwidth,Democrats,,
0.014765519985337393,0.03358472804932792,0.6601907442291883,0.06346583880290142,0.03358472804932792,0.05879499341671126,0.06346583880290142,0.04927438342190465,0.19774290456910426,15.79,True,9.61737700290936,bandwidth,Democrats,,
0.013836878308794343,0.03327391403060313,0.6775215027586375,0.06347030479058101,0.03327391403060313,0.05645465106195986,0.06347030479058101,0.048638843514220306,0.1919165536494346,16.65,True,9.61737700290936,bandwidth,Democrats,,
0.013582552678484672,0.03302612022311728,0.6808767801253939,0.06219227435923064,0.03302612022311728,0.05968358701768871,0.06219227435923064,0.04815323676211692,0.19651330665096356,17.51,True,9.61737700290936,bandwidth,Democrats,,
0.013372505579849241,0.03280537169814916,0.6835441739520578,0.0611164770494253,0.03280537169814916,0.06246196783934896,0.0611164770494253,0.047674982945930304,0.19986362547733239,18.37,True,9.61737700290936,bandwidth,Democrats,,
0.013026878388829828,0.03259577175665292,0.6894148164423418,0.06046255502185752,0.03259577175665292,0.06360762487941801,0.06046255502185752,0.047200102824645505,0.20019944602977569,19.23,True,9.61737700290936,bandwidth,Democrats,,
0.04276703851099023,0.036150549925737685,0.2367988648268481,0.05408685460068552,0.036150549925737685,0.13461306215371477,0.05408685460068552,0.04534641924736103,0.23296804852919206,,False,,cutoffs,Democrats,-3.0,
-0.00466478163781478,0.044668334603551754,0.9168269179151453,-0.033997806516286144,0.044668334603551754,0.44658748570761764,-0.033997806516286144,0.05670295472996521,0.5487879555817716,,False,,cutoffs,Democrats,-2.0,
0.05642856350347683,0.03977740559191523,0.15601320235534194,0.056469217476572464,0.03977740559191523,0.1557152863866968,0.056469217476572464,0.05179950165432777,0.275647152900656,,False,,cutoffs,Democrats,-1.0,
0.0033958449413881153,0.04457005479736469,0.9392670018880397,0.010888981235007783,0.04457005479736469,0.8069895030014452,0.010888981235007783,0.060799934118048266,0.8578628879730678,,False,,cutoffs,Democrats,0.0,
-0.10196359234318536,0.05495549576378793,0.06354129424886394,-0.12612054038580112,0.05495549576378793,0.02173554624898401,-0.12612054038580112,0.06905315902832534,0.06778599779802001,,False,,cutoffs,Democrats,1.0,
-0.06795799111813433,0.04802945196192257,0.15709098286143108,-0.07454496217789203,0.04802945196192257,0.1206460198932724,-0.07454496217789203,0.06284600797359992,0.2355620008897431,,False,,cutoffs,Democrats,2.0,
-0.0002514174626956356,0.04657268343732022,0.9956927296720905,0.030769270170571905,0.04657268343732022,0.5088226529321651,0.030769270170571905,0.0569678214099853,0.5891165730339514,,False,,cutoffs,Democrats,3.0,
0.03295002887546542,0.03220457418894964,0.30623812139180395,0.04187046317330062,0.03220457418894964,0.1935529042786146,0.04187046317330062,0.04123907973848459,0.30995792741050965,,True,,cutoffs,Democrats,-3.0,
-0.007811832141990549,0.0342352596277551,0.8195056141899941,-0.01974094573474434,0.0342352596277551,0.5641920344321701,-0.01974094573474434,0.04443268631740579,0.6568337838479874,,True,,cutoffs,Democrats,-2.0,
0.03401001000719425,0.03325824960768609,0.30649524664905936,0.04537788555404748,0.03325824960768609,0.17243858876317242,0.04537788555404748,0.04217492407852303,0.28195199413050476,,True,,cutoffs,Democrats,-1.0,
0.022725794296093775,0.038407665198471594,0.5540518662762424,0.05092772006687876,0.038407665198471594,0.18484697616956736,0.05092772006687876,0.05324376057459102,0.3388190861274144,,True,,cutoffs,Democrats,0.0,
-0.05552963848190315,0.04503247141143446,0.21753764579013146,-0.05838765967796813,0.04503247141143446,0.19477988192010554,-0.05838765967796813,0.06013769688109762,0.3315983284683869,,True,,cutoffs,Democrats,1.0,
-0.058622143191120656,0.04345144683486662,0.1772915721587982,-0.05411415767835125,0.04345144683486662,0.21298707188040422,-0.05411415767835125,0.05755586528295509,0.34711379547873844,,True,,cutoffs,Democrats,2.0,
-0.018043132477137923,0.041938838458734154,0.6670320525442319,0.014457849657828061,0.041938838458734154,0.7302924524582657,0.014457849657828061,0.05083313956412923,0.7760902205620437,,True,,cutoffs,Democrats,3.0,
0.0033958449413881153,0.04457005479736469,0.9392670018880397,0.010888981235007783,0.04457005479736469,0.8069895030014452,0.010888981235007783,0.060799934118048266,0.8578628879730678,,False,,polynomial,Democrats,,1.0
-0.00179565713306451,0.06575125709255754,0.9782125986397773,-0.01459749813202893,0.06575125709255754,0.8243053700458524,-0.01459749813202893,0.08038036449810686,0.8558925094984391,,False,,polynomial,Democrats,,2.0
-0.0032773925059235154,0.0857112882925744,0.969498255840505,0.013750028141599202,0.0857112882925744,0.8725481840423867,0.013750028141599202,0.10374329602201793,0.8945580124038361,,False,,polynomial,Democrats,,3.0
0.022725794296093775,0.038407665198471594,0.5540518662762424,0.05092772006687876,0.038407665198471594,0.18484697616956736,0.05092772006687876,0.05324376057459102,0.3388190861274144,,True,,polynomial,Democrats,,1.0
0.04841965297290713,0.056051950407127876,0.38767837728335874,0.044517648743600716,0.056051950407127876,0.42706665394985943,0.044517648743600716,0.06976091375156811,0.5233786386376437,,True,,polynomial,Democrats,,2.0
0.04305628158670719,0.07510846255965455,0.5664722308004493,0.05137219680265076,0.07510846255965455,0.49399190986523844,0.05137219680265076,0.09089389264078503,0.5719454533847959,,True,,polynomial,Democrats,,3.0
-0.03372521696144992,0.15538277584571092,0.8281724613972432,0.0101435094736404,0.15538277584571092,0.94795044161396,0.0101435094736404,0.1212828227932656,0.9333465034570021,2.25,False,5.787608031128656,bandwidth,Republicans,,
-0.03753431649957811,0.15498706946949883,0.808642951133977,0.16583985439771898,0.15498706946949883,0.2846085920076479,0.16583985439771898,0.17793231500677975,0.35131637808212757,2.77,False,5.787608031128656,bandwidth,Republicans,,
-0.07731548679819916,0.1250152015107798,0.5362796148409641,0.07839818866767068,0.1250152015107798,0.5305876272508034,0.07839818866767068,0.26994081414703247,0.7714893414878081,3.29,False,5.787608031128656,bandwidth,Republicans,,
-0.09526378601838065,0.1151540615139154,0.4080826384712263,0.07739723102060242,0.1151540615139154,0.5015079507667988,0.07739723102060242,0.26988878064681826,0.774284958355006,3.81,False,5.787608031128656,bandwidth,Republicans,,
-0.06823564789754194,0.0951296294616646,0.473194424124628,-0.10998188422276073,0.0951296294616646,0.2476294238215826,-0.10998188422276073,0.19441826471008214,0.5715995821578354,4.33,False,5.787608031128656,bandwidth,Republicans,,
-0.058970780984707705,0.08906866573130799,0.5079185224688939,-0.13229466119990596,0.08906866573130799,0.1374614823955248,-0.13229466119990596,0.18833683956360558,0.4824070198571755,4.84,False,5.787608031128656,bandwidth,Republicans,,
-0.058263731182977896,0.08252889485150668,0.48020071079366133,-0.10538161083163289,0.08252889485150668,0.2016355647235062,-0.10538161083163289,0.16050314371375476,0.5114571965460089,5.36,False,5.787608031128656,bandwidth,Republicans,,
-0.05888706145885164,0.07887915311264718,0.4553365430949695,-0.09362548793578374,0.07887915311264718,0.2352479577068729,-0.09362548793578374,0.1517080772497143,0.5371407996062892,5.88,False,5.787608031128656,bandwidth,Republicans,,
-0.050808724571628605,0.07249628066061371,0.4833991594976653,-0.09461594225236969,0.07249628066061371,0.19185388473661835,-0.09461594225236969,0.1288845051440162,0.46287915460912266,6.4,False,5.787608031128656,bandwidth,Republicans,,
-0.046179620463640325,0.06918150379286389,0.5044438873063195,-0.09587658006532257,0.06918150379286389,0.16578656134056613,-0.09587658006532257,0.12404186781290967,0.4395595187354523,6.91,False,5.787608031128656,bandwidth,Republicans,,
-0.03991470778113326,0.06456014310212917,0.5364064790258389,-0.08818147010211203,0.06456014310212917,0.17197633043680804,-0.08818147010211203,0.11330531701580504,0.4364132853383138,7.43,False,5.787608031128656,bandwidth,Republicans,,
-0.03638458990155424,0.061955760850903575,0.5570242261768759,-0.08581876522592546,0.061955760850903575,0.1660029391821244,-0.08581876522592546,0.1097536672177526,0.43426063849762375,7.95,False,5.787608031128656,bandwidth,Republicans,,
-0.027850200548616755,0.05798838548656667,0.6310339631771189,-0.08312220998531022,0.05798838548656667,0.1517353911520852,-0.08312220998531022,0.10133506113697727,0.41206164559082936,8.47,False,5.787608031128656,bandwidth,Republicans,,
-0.022858006032756006,0.05581499393900016,0.6821495518682893,-0.08289255596745121,0.05581499393900016,0.1375092290408474,-0.08289255596745121,0.09853376494640813,0.4002020617255658,8.99,False,5.787608031128656,bandwidth,Republicans,,
-0.016111342130833206,0.053504335633846614,0.763321329090459,-0.08088705021816256,0.053504335633846614,0.13058857525624054,-0.08088705021816256,0.09399600303430203,0.3894930279572998,9.5,False,5.787608031128656,bandwidth,Republicans,,
-0.011706047149937615,0.052028943871478266,0.8219862302990828,-0.07972862430854966,0.052028943871478266,0.12542626628150308,-0.07972862430854966,0.09166914885195492,0.38444072575716526,10.02,False,5.787608031128656,bandwidth,Republicans,,
-0.007363376558172929,0.05017022556833395,0.8833152552447849,-0.07090060124502434,0.05017022556833395,0.15759670114370694,-0.07090060124502434,0.08730112574490514,0.4167121905062301,10.54,False,5.787608031128656,bandwidth,Republicans,,
-0.004593685825292015,0.04890840550497159,0.9251693218347705,-0.06526547796450899,0.04890840550497159,0.18205872503598564,-0.06526547796450899,0.08491086156393071,0.4421098966978809,11.06,False,5.787608031128656,bandwidth,Republicans,,
-0.0031761918232955377,0.04752891107450375,0.9467198090674597,-0.054393162572940135,0.04752891107450375,0.25244839748200065,-0.054393162572940135,0.08178760642584888,0.5060160506504338,11.58,False,5.787608031128656,bandwidth,Republicans,,
-0.054863751396451804,0.14713430151657608,0.7092361743691775,-0.012404350556653343,0.14713430151657608,0.9328128927937498,-0.012404350556653343,0.11569556757169376,0.9146180709826661,2.25,True,5.787608031128656,bandwidth,Republicans,,
-0.06811806143757959,0.14698064122204252,0.6430424155155225,0.5133069817458529,0.14698064122204252,0.00047880092391008406,0.5133069817458529,0.26083950161512237,0.04907913604356727,2.77,True,5.787608031128656,bandwidth,Republicans,,
-0.1027209869280673,0.11912418036505118,0.38852150047415446,0.01778873521947604,0.11912418036505118,0.8812937649341458,0.01778873521947604,0.25648378887191375,0.94470611006758,3.29,True,5.787608031128656,bandwidth,Republicans,,
-0.11675931438815246,0.11082921593446417,0.292108854762981,0.013165920627871995,0.11082921593446417,0.9054380279707657,0.013165920627871995,0.25640693237205964,0.9590484143972463,3.81,True,5.787608031128656,bandwidth,Republicans,,
-0.0886844827031798,0.09052875281929747,0.3272698785543099,-0.13665786104239744,0.09052875281929747,0.1311577738819153,-0.13665786104239744,0.18706334726643473,0.46505820138064413,4.33,True,5.787608031128656,bandwidth,Republicans,,
-0.07876795911023307,0.08455164818336472,0.3515454619584897,-0.15527976201988353,0.08455164818336472,0.06628258847189256,-0.15527976201988353,0.18226593845715186,0.39424703376979053,4.84,True,5.787608031128656,bandwidth,Republicans,,
-0.07666175360014757,0.07842959231876741,0.32834169657851564,-0.12784326204331126,0.07842959231876741,0.10309334134552553,-0.12784326204331126,0.15696236139968606,0.4153679896222362,5.36,True,5.787608031128656,bandwidth,Republicans,,
-0.07635806505131516,0.075029703273768,0.30881841825245027,-0.11571952340344809,0.075029703273768,0.12299678527783164,-0.11571952340344809,0.14865382531975413,0.4363039581294713,5.88,True,5.787608031128656,bandwidth,Republicans,,
-0.06679855211114664,0.06861301604124984,0.3302774862864074,-0.11339246964286374,0.06861301604124984,0.09840458312574012,-0.11339246964286374,0.12492888324709733,0.3640599163456242,6.4,True,5.787608031128656,bandwidth,Republicans,,
-0.061525703807323,0.06533841514680817,0.3463735456067043,-0.11280499677380736,0.06533841514680817,0.08426238798531756,-0.11280499677380736,0.11996431085927711,0.34705277697057846,6.91,True,5.787608031128656,bandwidth,Republicans,,
-0.0547509664026696,0.06089537680307565,0.3685999830600609,-0.10582595344457559,0.06089537680307565,0.08224036540734556,-0.10582595344457559,0.10935268038670551,0.33316971089133773,7.43,True,5.787608031128656,bandwidth,Republicans,,
-0.050935870083026795,0.058414735639001944,0.3832249956097957,-0.10350519569403667,0.058414735639001944,0.07641080140704004,-0.10350519569403667,0.1057833402506799,0.32784486253731704,7.95,True,5.787608031128656,bandwidth,Republicans,,
-0.042502227522940375,0.05469091454954958,0.4370790870375254,-0.10071387792150532,0.05469091454954958,0.06554682473918026,-0.10071387792150532,0.09739520837614674,0.3011014489986745,8.47,True,5.787608031128656,bandwidth,Republicans,,
-0.037443106421416836,0.052659681541254215,0.4770598436467841,-0.1001702076829576,0.052659681541254215,0.057142626870039896,-0.1001702076829576,0.09457712845705374,0.28953704686261195,8.99,True,5.787608031128656,bandwidth,Republicans,,
-0.030629982036783177,0.05048978325639718,0.5440785432813942,-0.09831103069425048,0.05048978325639718,0.05151711197880956,-0.09831103069425048,0.08995306934529539,0.274431258823407,9.5,True,5.787608031128656,bandwidth,Republicans,,
-0.026114705259114426,0.04912103120854252,0.5949753519936897,-0.09704444919895344,0.04912103120854252,0.04819792974174658,-0.09704444919895344,0.08762639468126014,0.26808660446810606,10.02,True,5.787608031128656,bandwidth,Republicans,,
-0.022297689517699972,0.04736804832471555,0.637831626185301,-0.08740937148776767,0.04736804832471555,0.06499049776739664,-0.08740937148776767,0.08318598254357314,0.2933640351831982,10.54,True,5.787608031128656,bandwidth,Republicans,,
-0.019864053800230392,0.04620022989226877,0.6672278410666257,-0.08124770648268553,0.04620022989226877,0.07864553850167398,-0.08124770648268553,0.08083368132631909,0.31483813734627286,11.06,True,5.787608031128656,bandwidth,Republicans,,
-0.018933718052569947,0.04495197367510311,0.6736099094608108,-0.06951240285883431,0.04495197367510311,0.12201513134235774,-0.06951240285883431,0.07784788355942811,0.37189677784903374,11.58,True,5.787608031128656,bandwidth,Republicans,,
-0.06629845344925606,0.06018871471955102,0.27067488259034533,-0.11134164207457031,0.06018871471955102,0.06433146386368861,-0.11134164207457031,0.07655305416569083,0.14582501569150214,,False,,cutoffs,Republicans,-3.0,
0.11818557787626527,0.05610957099709863,0.03517522497233769,0.14053753709427458,0.05610957099709863,0.012255594520232949,0.14053753709427458,0.07044761065599756,0.046051312174730644,,False,,cutoffs,Republicans,-2.0,
0.055318114248241956,0.05901251520432306,0.3485547361443754,0.05390071223486814,0.05901251520432306,0.36104395806049605,0.05390071223486814,0.07873920684421522,0.4936296256785905,,False,,cutoffs,Republicans,-1.0,
-0.05225820714548668,0.07353266556898116,0.4772824516583989,-0.076417506833307,0.07353266556898116,0.2986968024884056,-0.076417506833307,0.08985497368005095,0.39507281715710474,,False,,cutoffs,Republicans,0.0,
-0.1295663720466756,0.05664256701422886,0.022170258224827585,-0.16341155613099984,0.05664256701422886,0.003914630453744886,-0.16341155613099984,0.06665813991881377,0.01422673687950356,,False,,cutoffs,Republicans,1.0,
-0.04752541062331911,0.04437152698659383,0.2841339110402953,-0.04977809417364748,0.04437152698659383,0.26192721362085436,-0.04977809417364748,0.05281401375914466,0.34592812437979203,,False,,cutoffs,Republicans,2.0,
0.013001604091386343,0.05777640643629269,0.821953521204648,0.02770069564657529,0.05777640643629269,0.6316210222937376,0.02770069564657529,0.07780800826432563,0.7218305100481628,,False,,cutoffs,Republicans,3.0,
-0.04679932309781112,0.055042749141280246,0.3951939285215469,-0.08238475835901611,0.055042749141280246,0.13446057382331678,-0.08238475835901611,0.06820172407356573,0.22706375558673142,,True,,cutoffs,Republicans,-3.0,
0.09556555011256906,0.05422895598682764,0.07802528497751252,0.11356760652767017,0.05422895598682764,0.036239989075264475,0.11356760652767017,0.07027913607475497,0.10610501141095546,,True,,cutoffs,Republicans,-2.0,
0.043961268658666564,0.056014685323034705,0.432560961698765,0.046770588945508874,0.056014685323034705,0.40373452802252163,0.046770588945508874,0.07393471409219839,0.5269994033251248,,True,,cutoffs,Republicans,-1.0,
-0.07638865333137354,0.07546827753544111,0.31144457207880005,-0.10218159794552618,0.07546827753544111,0.17574673445284517,-0.10218159794552618,0.09088483134492001,0.2608867953139853,,True,,cutoffs,Republicans,0.0,
-0.11954554951039201,0.05202920180334553,0.021581001482851074,-0.1526969934900489,0.05202920180334553,0.0033372776244403033,-0.1526969934900489,0.0615311824104861,0.0130786780912921,,True,,cutoffs,Republicans,1.0,
-0.0038414875066046864,0.042797125213929935,0.928477609378483,0.006207759676990186,0.042797125213929935,0.8846707184943922,0.006207759676990186,0.05188915277485245,0.9047722793313961,,True,,cutoffs,Republicans,2.0,
0.023679149091495953,0.05559637220615949,0.6701721407181851,0.03582536732126222,0.05559637220615949,0.5193269864816293,0.03582536732126222,0.07510724611540054,0.6333696028290725,,True,,cutoffs,Republicans,3.0,
-0.05225820714548668,0.07353266556898116,0.4772824516583989,-0.076417506833307,0.07353266556898116,0.2986968024884056,-0.076417506833307,0.08985497368005095,0.39507281715710474,,False,,polynomial,Republicans,,1.0
-0.08361122819529965,0.10364720298611868,0.4198447398176892,-0.10474883760931264,0.10364720298611868,0.31219417598704047,-0.10474883760931264,0.1256111422182317,0.4043296827676892,,False,,polynomial,Republicans,,2.0
-0.09777806049803273,0.14732662211207134,0.5068937176752935,-0.09212690508219845,0.14732662211207134,0.5317582868509569,-0.09212690508219845,0.1759537013280148,0.6005664798304664,,False,,polynomial,Republicans,,3.0
-0.07638865333137354,0.07546827753544111,0.31144457207880005,-0.10218159794552618,0.07546827753544111,0.17574673445284517,-0.10218159794552618,0.09088483134492001,0.2608867953139853,,True,,polynomial,Republicans,,1.0
-0.10549524802949316,0.10675582909800399,0.3230586631980775,-0.1229098224451884,0.10675582909800399,0.24960176282800128,-0.1229098224451884,0.12932249758816347,0.34190228569066416,,True,,polynomial,Republicans,,2.0
-0.1184668459900209,0.13605832966892456,0.3839145329864908,-0.12682466568412676,0.13605832966892456,0.35126701064188537,-0.12682466568412676,0.16224271976970336,0.43439259861946466,,True,,polynomial,Republicans,,3.0
